year,WORLD,More developed regions,Less developed regions,Least developed countries,"Less developed regions, excluding least developed countries","Less developed regions, excluding China",High-income countries,Middle-income countries,Upper-middle-income countries,Lower-middle-income countries,Low-income countries,Sub-Saharan Africa,AFRICA,Eastern Africa,Burundi,Comoros,Djibouti,Eritrea,Ethiopia,Kenya,Madagascar,Malawi,Mauritius,Mayotte,Mozambique,Réunion,Rwanda,Seychelles,Somalia,South Sudan,Uganda,United Republic of Tanzania,Zambia,Zimbabwe,Middle Africa,Angola,Cameroon,Central African Republic,Chad,Congo,Democratic Republic of the Congo,Equatorial Guinea,Gabon,Sao Tome and Principe,Northern Africa,Algeria,Egypt,Libya,Morocco,Sudan,Tunisia,Western Sahara,Southern Africa,Botswana,Lesotho,Namibia,South Africa,Swaziland,Western Africa,Benin,Burkina Faso,Cabo Verde,Côte d'Ivoire,Gambia,Ghana,Guinea,Guinea-Bissau,Liberia,Mali,Mauritania,Niger,Nigeria,Saint Helena,Senegal,Sierra Leone,Togo,ASIA,Eastern Asia,China,"China, Hong Kong SAR","China, Macao SAR",Dem. People's Republic of Korea,Japan,Mongolia,Republic of Korea,Other non-specified areas,South-Central Asia,Central Asia,Kazakhstan,Kyrgyzstan,Tajikistan,Turkmenistan,Uzbekistan,Southern Asia,Afghanistan,Bangladesh,Bhutan,India,Iran (Islamic Republic of),Maldives,Nepal,Pakistan,Sri Lanka,South-Eastern Asia,Brunei Darussalam,Cambodia,Indonesia,Lao People's Democratic Republic,Malaysia,Myanmar,Philippines,Singapore,Thailand,Timor-Leste,Viet Nam,Western Asia,Armenia,Azerbaijan,Bahrain,Cyprus,Georgia,Iraq,Israel,Jordan,Kuwait,Lebanon,State of Palestine,Oman,Qatar,Saudi Arabia,Syrian Arab Republic,Turkey,United Arab Emirates,Yemen,EUROPE,Eastern Europe,Belarus,Bulgaria,Czech Republic,Hungary,Poland,Republic of Moldova,Romania,Russian Federation,Slovakia,Ukraine,Northern Europe,Channel Islands,Denmark,Estonia,Faroe Islands,Finland,Iceland,Ireland,Isle of Man,Latvia,Lithuania,Norway,Sweden,United Kingdom,Southern Europe,Albania,Andorra,Bosnia and Herzegovina,Croatia,Gibraltar,Greece,Holy See,Italy,Malta,Montenegro,Portugal,San Marino,Serbia,Slovenia,Spain,TFYR Macedonia,Western Europe,Austria,Belgium,France,Germany,Liechtenstein,Luxembourg,Monaco,Netherlands,Switzerland,LATIN AMERICA AND THE CARIBBEAN,Caribbean,Anguilla,Antigua and Barbuda,Aruba,Bahamas,Barbados,British Virgin Islands,Cayman Islands,Cuba,Dominica,Dominican Republic,Grenada,Guadeloupe,Haiti,Jamaica,Martinique,Montserrat,Sint Maarten (Dutch part),Caribbean Netherlands,Curaçao,Puerto Rico,Saint Kitts and Nevis,Saint Lucia,Saint Vincent and the Grenadines,Trinidad and Tobago,Turks and Caicos Islands,United States Virgin Islands,Central America,Belize,Costa Rica,El Salvador,Guatemala,Honduras,Mexico,Nicaragua,Panama,South America,Argentina,Bolivia (Plurinational State of),Brazil,Chile,Colombia,Ecuador,Falkland Islands (Malvinas),French Guiana,Guyana,Paraguay,Peru,Suriname,Uruguay,Venezuela (Bolivarian Republic of),NORTHERN AMERICA,Bermuda,Canada,Greenland,Saint Pierre and Miquelon,United States of America,OCEANIA,Australia/New Zealand,Australia,New Zealand,Melanesia,Fiji,New Caledonia,Papua New Guinea,Solomon Islands,Vanuatu,Micronesia,Guam,Kiribati,Marshall Islands,Micronesia (Fed. States of),Nauru,Northern Mariana Islands,Palau,Polynesia,American Samoa,Cook Islands,French Polynesia,Niue,Samoa,Tokelau,Tonga,Tuvalu,Wallis and Futuna Islands,,,
1950,746481.268,444208.793,302272.475,14637.305,287635.17,234586.491,430703.663,296382.937,169163.481,127219.456,17483.985,19227.463,32033.997,3728.167,39.974,10.32,24.682,81.032,833.89,339.667,318.517,100.995,144.658,1.29,223.887,58.29,46.208,9.952,288.122,228.973,145.449,267.063,272.83,292.368,3660.291,314.201,416.873,191.278,112.604,201.332,2327.079,34.874,53.956,8.094,12806.534,1970.81,6869.029,217.638,2352.9,391.264,1000.626,4.267,5872.952,11.205,12.844,65.067,5778.376,5.46,5966.053,111.784,164.385,25.285,262.001,27.856,769.242,207.613,51.888,120.624,392.901,20.49,124.316,2953.06,2.554,426.721,244.161,61.172,244574.155,119111.108,64180.395,1681.846,190.372,3270.335,43896.325,156.04,4102.424,1633.371,84665.309,5715.252,2437.081,460.772,449.925,544.498,1822.976,78950.057,432.143,1622.639,3.713,64134.137,4716.125,7.823,217.932,6577.755,1237.79,26065.576,12.843,452.137,9001.432,121.834,1244.022,2831.985,5041.796,1016.428,3395.919,42.871,2904.309,14732.162,545.987,1323.223,74.455,140.22,1301.81,2008.69,893.159,166.079,93.633,427.078,347.608,39.252,20.129,664.845,1116.076,5261.637,37.927,270.354,282965.293,87495.407,2031.826,2000.044,4809.187,4951.168,9516.954,433.086,4160.595,45320.503,1031.378,13240.666,54396.876,42.304,2901.691,546.865,5.471,1723.74,103.854,1167.804,29.245,904.822,739.268,1647.595,4607.189,39977.028,50014.051,249.311,2.404,363.663,858.421,20.498,3945.77,0.905,25086.201,277.233,50.223,2625.709,5.521,1367.068,293.468,14573.727,293.929,91058.959,4412.192,7892.159,23104.465,47727.925,2.735,199.037,20,5628.748,2071.698,69335.121,6170.176,5.121,13.921,19.386,41.193,76.07,0.836,6.413,3345.434,17.731,565.062,21.849,75.18,391.991,338.323,73.017,2.136,1.497,5.045,70.695,900.333,12.213,15.894,14.542,138.279,2.382,15.633,15047.496,38.103,323.694,803.16,788.542,261.427,12069.339,455.79,307.441,48117.449,11205.806,918.518,19517.261,3553.119,3923.852,976.359,1.154,13.671,113.931,509.265,3129.346,100.808,1744.386,2409.973,109666.641,37.26,8372.186,11.269,3.658,101242.268,7906.061,7680.534,6296.801,1383.733,122.94,70.376,15.939,29.039,3.412,4.174,46.842,24.635,2.871,3.034,6.4,2.953,2.94,4.009,55.745,11.697,5.734,20.069,1.003,10.58,0,6.084,0.578,0,Tonga,Tuvalu,Wallis and Futuna Islands
1955,872133.969,499007.086,373126.883,18300.293,354826.59,285439.023,482587.523,365865.892,215059.451,150806.441,21208.05,24877.728,40962.571,4851.92,48.013,15.922,31.325,104.727,1085.994,448.051,414.442,124.251,176.457,2.256,283.992,81.45,59.211,10.668,370.574,239.609,208.359,385.389,389.925,371.305,4521.056,404.427,557.284,238.918,150.339,252.955,2791.905,48.379,68.188,8.661,16084.843,2593.228,8495.623,284.963,2913.418,561.607,1229.428,6.576,6953.551,13.544,16.145,83.454,6832.773,7.635,8551.201,156.746,191.862,30.101,390.942,33.939,1084.333,278.631,68.819,157.492,469.476,34.641,155.47,4541.081,2.487,555.261,301.244,98.676,296530.949,148294.275,83276.451,2121.539,174.499,3577.107,51638.281,227.616,5163.411,2115.371,97239.062,7154.276,3106.547,581.91,554.382,619.277,2292.16,90084.786,553.706,2020.726,5.504,71906.548,5903.54,8.627,268.676,8035.464,1381.995,32067.049,21.941,516.593,10651.003,143.384,1642.973,3396.654,6365.775,1305.733,4266.922,46.11,3709.961,18930.563,718.455,1664.72,100.946,171.363,1538.345,2447.03,1220.458,279.166,135.094,556.203,401.226,59.303,29.756,922.664,1361.803,6924.965,50.483,348.583,313280.048,105387.85,2251.586,2429.307,5297.319,5350.364,11814.609,542.741,5324.656,54610.733,1209.097,16557.438,56192.208,42.278,3090.791,621.623,5.918,2081.004,120.961,1268.031,28.316,997.638,895.408,1722.359,5028.602,40289.279,55118.299,373.443,4.485,487.382,1036.557,21.022,4308.021,0.905,27365.162,283.086,68.483,2854.834,6.338,1775.124,365.011,15777.801,390.645,96581.691,4465.234,8159.117,25226.905,49937.036,3.019,208.835,19.658,6192.825,2369.062,86976.145,7119.874,5.697,18.356,22.236,49.567,82.671,0.898,6.676,3757.47,19.797,750.942,23.826,112.073,484.94,443.022,82.621,2.259,2.11,5.567,84.984,953.627,13.102,17.596,17.469,143.105,2.464,16.799,18995.642,43.674,382.584,910.349,1013.07,344.057,15360.488,563.404,378.016,60860.629,13182.253,1061.108,25825.892,4280.347,5349.234,1219.715,1.118,16.721,137.861,587.306,3805.484,117.729,1876.901,3398.96,125205.023,40.639,10337.873,13.905,3.945,114808.661,9179.233,8883.734,7311.065,1572.669,166.896,90.219,20.733,45.927,4.774,5.243,56.417,28.607,3.887,4.042,8.009,3.621,3.679,4.572,72.186,12.616,6.908,25.945,1.009,16.398,0,8.566,0.744,0,,,
1960,1019494.911,557942.806,461552.105,23183.085,438369.02,350576.183,539767.672,449764.055,269823.372,179940.683,26717.613,32705.26,53044.54,6362.149,57.879,23.907,42.09,136.978,1425.092,596.757,542.656,154.745,218.978,3.923,364.714,110.235,76.269,11.45,477.188,258.515,299.817,528.497,559.347,473.112,5650.75,518.18,747.195,302.204,201.019,320.299,3400.359,64.382,86.784,10.328,20339.28,3440.879,10600.966,390.294,3619.335,808.934,1468.655,10.217,8277.523,16.041,29.9,107.91,8110.005,13.667,12414.838,225.522,226.977,35.401,614.281,44.628,1546.844,374.542,86.49,208.739,564.271,59.054,193.336,6967.11,2.337,730.88,374.827,159.599,358012.357,181384.167,105426.589,2620.541,163.379,4591.911,58527.313,340.92,6948.101,2765.413,112669.815,9368.273,4293.505,742.572,684.603,739.573,2908.02,103301.542,721.379,2543.661,8.06,80586.315,7407.65,9.939,332.199,10066.423,1625.916,39894.872,35.509,588.289,12936.482,168.441,2170.621,4131.029,7959.458,1633.72,5382.793,50.422,4838.108,24063.503,957.511,2052.755,133.771,204.124,1791.587,3127.213,1606.03,452.126,196.216,764.253,470.783,90.485,40.349,1272.545,1690.445,8683.368,65.862,464.08,346340.95,123938.105,2653.712,2918.461,5703.539,5591.842,14197.742,703.556,6314.256,64507.9,1384.47,19962.627,58687.053,42.345,3375.367,700.079,7.327,2449.483,140.943,1296.232,26.702,1127.31,1093.345,1788.154,5421.943,41217.823,60299.737,497.069,7.84,629.373,1223.957,21.529,4661.455,0.906,29395.33,283.221,90.014,3102.385,7.527,2225.682,445.628,17207.333,500.488,103416.055,4566.811,8451.402,28278.1,52350.242,3.373,218.815,22.454,6822.821,2702.037,108632.711,8243.428,5.863,21.684,27.525,65.4,84.902,0.983,7.867,4170.479,22.713,1001.136,27.256,163.555,603.331,550.094,112.901,1.914,2.834,6,94.836,1049.347,14.153,19.293,21,147.204,2.729,18.429,24114.74,49.743,456.959,1063.302,1288.609,455.478,19629.618,702.4,468.631,76274.543,15181.57,1232.687,33577.807,5188.758,7208.122,1529.435,1.083,20.503,162.538,678.319,4649.019,137.119,2037.149,4670.434,142880.6,44.714,12368.356,18.285,4.252,130444.993,10583.753,10193.943,8391.261,1802.682,232.615,116.759,29.162,73.268,6.799,6.627,69.063,33.468,5.371,5.218,9.938,4.433,5.158,5.477,88.132,13.25,8.485,33.014,1.039,20.562,0,10.812,0.97,0,,,
1965,1183910.279,617846.794,566063.485,29932.4,536131.085,430250.548,599033.703,546651.603,332066.096,214585.507,33957.883,40852.403,66408.812,8533.834,70.632,35.328,64.504,180.373,1897.833,817.908,714.2,195.03,278.708,6.725,489.058,149.093,93.184,15.42,612.817,283.638,441.546,704.433,836.894,646.51,7047.201,679.453,1010.735,387.789,278.32,408.43,4070.466,71.404,126.457,14.147,25556.409,4807.377,12732.784,576.245,4490.092,1168.589,1762.879,18.443,9606.145,22.874,59.411,136.75,9361.674,25.436,15665.223,329.541,268.985,43.675,1033.836,58.256,2009.981,502.916,94.611,277.001,677.59,100.141,261.207,8315.202,2.227,961.65,472.967,255.437,430382.373,217184.673,128692.283,3285.59,199,5657.767,66062.396,466.257,9185.316,3636.064,133612.944,11752.243,5452.23,922.63,875.154,890.918,3611.311,121860.701,952.137,3552.536,11.844,93540.8,9275.865,11.616,390.335,12166.264,1959.304,49106.542,53.949,700.151,15841.472,198.132,2862.596,5038.019,9769.788,1879.573,6433.564,62.177,6267.121,30478.214,1226.264,2343.196,154.561,221.86,2038.696,4242.439,2041.746,607.628,382.293,1065.744,582.231,139.614,64.032,1869.612,2159.655,10610.333,113.741,614.569,382259.042,141046.485,3281.65,3754.88,6036.653,5901.15,15735.526,919.501,7176.59,73693.748,1621.957,22924.83,61831.324,42.99,3667.671,791.662,9.292,2723.196,159.031,1400.226,28.554,1285.126,1318.802,2143.873,5965.022,42295.879,67070.193,585.342,13.068,809.061,1444.818,23.256,5127.947,0.855,31820.134,275.849,114.397,3276.84,9.488,2723.1,529.8,19679.136,637.102,112311.04,4736.322,8792.43,32780.133,55156.781,3.631,237.58,23.283,7420.039,3160.841,134806.929,9830.23,6.114,21.839,29.082,88.712,87.39,1.259,8.371,4718.401,24.831,1366.339,29.579,211.23,751.578,660.075,155.418,1.587,4.464,6.932,102.59,1328.043,15.184,21.822,24.289,130.908,2.8,31.393,30471.212,55.693,566.599,1262.033,1609.7,604.719,24905.288,881.023,586.157,94505.487,17025.65,1435.054,43064.986,6204.626,9469.325,1909.962,1.075,25.868,187.095,789.369,5948.201,156.551,2191.549,6096.176,157961.458,48.841,14351.388,25.075,4.474,143531.68,12091.665,11563.898,9490.633,2073.265,328.395,151.143,40.716,118.206,9.914,8.416,87.244,41.565,7.434,7.373,12.295,5.738,6.556,6.283,112.128,16.071,9.636,45.018,1.096,24.526,0,14.5,1.281,0,,,
1970,1350280.789,672796.067,677484.722,39556.392,637928.33,527053.827000001,654425.691,645237.959,389329.118,255908.841,44815.462,51356.001,82640.484,11587.492,98.369,44.984,98.638,226.293,2440.175,1158.462,927.258,274.169,347.369,9.295,659.771,192.488,119.936,20.379,781.361,314.856,629.438,1068.282,1272.057,903.912,8920.837,886.653,1374.506,502.752,421.639,522.412,4924.015,78.41,188.533,21.917,31284.483,5802.827,15073.608,1030.99,5487.485,1690.716,2166.499,32.358,11118.655,54.305,88.853,173.96,10758.266,43.271,19729.017,485.323,323.163,53.872,1476.266,87.204,2489.577,672.521,103.345,369.483,819.144,167.336,388.042,9969.016,2.266,1265.417,606.863,450.179,504564.587,246155.292,141701.722,3472.484,243.547,7810.438,74541.626,576.137,12796.196,5013.142,159458.666,14037.501,6408.761,1110.669,1076.636,1045.657,4395.778,145421.165,1269.972,5034.728,17.754,109709.315,11789.487,13.575,457.288,14692.753,2436.293,60459.823,80.004,1121.343,19472.869,258.436,3649.38,6202.029,11807.992,2074.073,7703.609,77.883,8012.205,38490.806,1507.63,2589.491,178.527,250.119,2259.815,5569.368,2399.238,926.187,642.82,1366.383,610.473,214.732,96.608,2824.24,2764.867,13294.704,184.76,810.844,414173.127,156444.192,3978.349,4442.762,6329.349,6218.952,17009.457,1152.672,8197.574,81436.342,1860.658,25818.077,64501.324,43.737,3931.15,883.429,10.785,2934.667,173.529,1532.537,31.663,1436.329,1554.727,2534.575,6522.444,42911.752,74129.511,678.915,19.461,1011.72,1676.598,24.661,5646.828,0.648,34272.858,273.521,142.737,3364.472,11.443,3273.372,617.866,22318.069,796.342,119098.1,4887.457,9069.273,36027.526,57304.431,3.924,252.631,23.484,7990.127,3539.247,164071.525,11493.767,6.4,22.107,29.901,113.069,89.575,1.631,9.144,5252.216,27.494,1819.038,30.418,253.484,931.42,772.276,198.32,1.329,6.862,8.026,112.679,1580.585,15.323,24.902,27.755,112.347,2.878,44.588,38073.978,62.266,707.463,1471.907,1925.004,777.838,31274.098,1128.57,726.832,114503.78,18914.283,1677.433,53706.01,7205.948,11701.193,2366.378,1.076,32.746,212.101,920.969,7574.461,171.069,2314.52,7705.593,170791.255,51.766,16215.878,33.517,4.826,154485.268,14039.811,13290.059,11003.204,2286.855,498.066,180.926,53.807,238.516,14.293,10.524,111.254,51.938,10.565,10.911,15.241,6.493,9.25,6.856,140.432,19.209,11.406,60.952,1.082,29.14,0,17.032,1.611,0,,,
1975,1534721.238,720743.694,813977.544,50218.659,763758.885,644378.414,704584.666,766850.079,457563.35,309286.729,55897.016,65395.173,102894.484,15757.081,129.602,55.406,150.562,276.708,3081,1741.678,1237.438,405.5,387.598,12.528,1015.637,215.528,174.26,27.415,989.571,353.139,762.272,1780.977,1734.021,1226.241,11495.004,1145.341,2112.438,644.98,636.484,672.275,5913.521,65.302,278.527,26.136,37499.311,6788.94,17471.66,1589.712,6669.84,2287.491,2646.264,45.404,12872.224,97.783,124.35,214.19,12363.484,72.417,25270.864,714.73,390.629,66.915,2129.152,127.275,2954.295,848.946,124.103,494.815,1005.66,273.296,579.024,12573.568,2.303,1651.329,782.176,552.648,596737.432,280117.034,158961.22,3906.492,242.979,9227.78,83896.5,719.936,16673.688,6488.439,194257.511,16366.826,7231.137,1259.765,1212.783,1198.448,5464.693,177890.685,1704.871,7107.81,27.511,132732.329,15040.458,23.2,621.726,17952.986,2679.794,74038.556,99.68,338.302,24959.632,337.59,4635.637,7330.005,14684.763,2262.395,10057.569,96.746,9236.237,48324.331,1797.435,2954.913,226.617,307.187,2471.02,7171.849,2891.082,1144.415,938.521,1725.143,787.705,337.059,146.125,4304.904,3408.395,16295.737,425.128,991.096,443146.454,172499.027,4741.124,5023.631,7021.574,6559.949,18800.918,1390.531,9195.671,89101.683,2194.642,28469.304,66906.341,43.213,4157.64,961.169,12.291,3195.845,188.902,1707.571,31.935,1576.355,1837.514,2731.708,6777.782,43684.416,80649.589,793.784,26.792,1227.171,1928.955,25.443,6055.724,0.729,36166.154,276.429,175.395,3745.933,14.105,3714.792,738.174,24863.721,896.288,123091.497,4978.243,9229.763,38497.834,57843.826,4.294,273.624,25.201,8592.223,3646.489,197280.963,13475.825,6.63,23.696,30.66,132.25,94.875,2.04,12.238,6061.686,30.762,2361.663,30.108,282.288,1049.554,885.538,233.421,1.409,9.553,8.641,120.448,1840.372,15.509,27.662,31.768,115.029,3.473,64.552,46895.823,66.858,848.517,1756.874,2274.372,997.878,38727.656,1363.677,859.991,136909.315,21109.101,1969.903,65785.321,8172.864,14047.273,2935.215,1.08,39.364,224.417,1093.5,9320.192,195.863,2360.181,9655.041,179212.018,54.28,17493.256,36.884,5.238,161622.36,15449.887,14488.722,11936.708,2552.014,648.682,211.728,70.731,335.193,17.651,13.379,151.091,78.074,14.331,15.51,16.328,7.07,12.27,7.508,161.392,21.657,10.994,76.088,0.928,31.778,0,17.967,1.98,0,,,
1980,1749539.272,760338.522,989200.75,66909.445,922291.305,785104.506,748662.608,918912.544,545637.676,373274.868,72133.754,83085.045,127772.173,21468.109,179.07,72.803,259.002,346.841,3668.755,2535.089,1620.232,564.445,409.129,16.585,1594.347,272.353,242.685,32.423,1629.818,400.571,945.478,2719.772,2328.094,1630.617,14464.65,1509.546,2851.265,770.321,847.794,859.703,7135.507,61.482,397.24,31.792,44687.128,8479.849,19706.161,2157.657,8159.039,2877.639,3189.934,116.849,14756.325,164.387,149.696,253.859,14080.706,107.677,32395.961,1016.464,600.776,70.93,3044.126,171.727,3366.368,1061.679,144.059,665.542,1244.972,419.915,784.3,16191.472,2.333,1991.937,948.331,671.03,714386.241,324399.865,190483.105,4623.027,242.59,9884.766,88296.602,880.007,21242.246,8747.522,239801.9,18488.318,7860.791,1401.188,1343.335,1346.9,6536.104,221313.582,2066.88,12251.656,41.82,161445.95,19325.507,34.336,876.189,22448.238,2823.006,90954.662,115.617,663.085,32160.623,402.354,5816.219,8264.463,17765.32,2414.527,12690.729,95.721,10566.004,59229.814,2045.091,3253.139,309.88,401.746,2663.279,8945.866,3317.141,1369.061,1299.912,1919.362,941.949,549.041,199.952,6482.74,4183.215,19222.062,819.061,1307.317,468429.458,188299.16,5456.909,5505.311,7752.249,6906.27,20702.346,1619.447,10319.463,96630.762,2576.059,30830.344,68683.843,41.296,4289.497,1027.879,13.413,3428.141,201.345,1891.161,33.715,1686.372,2098.901,2880.026,6905.261,44186.836,86865.079,923.309,33.201,1457.217,2203.08,26.568,6686.426,0.726,37465.446,296.235,213.177,4177.878,17.381,4179.703,880.126,27290.986,1013.62,124581.376,4940.42,9400.523,39529.024,57669.546,4.727,291.393,26.746,9120.644,3598.353,234195.264,15394.752,6.698,24.337,30.331,153.997,98.474,2.502,16.164,6698.238,35.216,2987.511,29.301,296.458,1169.167,996.607,259.104,1.49,13.098,8.846,121.015,2162.388,15.503,31.312,36.052,117.902,4.158,78.883,56321.824,71.173,1012.137,2053.36,2618.455,1267.838,46671.72,1623.208,1003.933,162478.688,23307.885,2440.204,79700.434,9093.06,16732.141,3714.365,1.089,47.975,236.866,1333.533,11189.708,237.504,2489.857,11954.067,188372.944,56.067,18545.858,38.194,5.376,169727.449,16383.192,15239.518,12613.886,2625.632,782.367,239.93,81.468,419.533,24.391,17.045,182.258,97.625,17.598,17.828,19.296,7.488,14.795,7.628,179.049,24.125,9.484,89.509,0.92,32.936,0,19.674,2.401,0,,,
1985,2003049.795,796361.156,1206688.639,84721.61,1121967.029,947237.679,791847.282,1109654.598,662077.232,447577.366,89095.117,105078.201,158900.967,27578.835,249.278,92.469,317.852,431.25,4670.398,3161.146,2089.369,738.289,429.922,23.415,2444.492,379.444,309.117,34.002,1703.241,536.168,1341.766,3663.636,2711.783,2251.798,18043.007,2042.999,3761.265,932.001,1007.127,1085.624,8565.179,93.645,515.455,39.712,53822.766,10959.445,22121.201,2820.945,9975.646,3921.632,3870.33,153.567,17230.454,316.593,172.505,303.048,16284.482,153.826,42225.905,1320.325,953.16,104.254,3850.888,241.728,4183.32,1348.899,204.201,931.117,1556.052,618.38,974.663,21508.164,2.432,2417.37,1146.884,864.068,865348.422,389655.304,242987.297,5031.426,294.375,10824.363,92046.283,1057.81,26275.888,11137.862,286881.368,20585.478,8627.264,1540.243,1509.112,1484.81,7424.049,266295.89,1955.053,16496.299,60.727,190338.784,25379.649,46.786,1192.345,27813.268,3012.979,113523.707,138.847,1083.437,42383.285,507.662,7234.794,9280.195,23384.531,2708.638,14618.582,122.496,12061.24,75288.043,2240.22,3570.493,365.55,455.135,2865.401,10711.365,3667.479,1864.431,1694.151,2125.815,1145.166,855.281,334.293,9643.065,5108.681,25793.14,1075.13,1773.247,488067.836,201187.922,6182.485,5787.556,7785.267,6882.431,22348.971,1861.993,11366.624,103227.186,2794.361,32951.048,69691.351,42.593,4313.194,1077.407,14.103,3716.284,216.233,1988.784,33.36,1770.282,2317.803,2958.201,6939.526,44303.581,90369.392,1079.837,42.438,1624.598,2390.254,26.611,7005.492,0.747,37938.448,318.439,251.627,4501.757,20.109,4565.785,965.622,28551.281,1086.347,126819.171,4967.179,9490.827,40812.981,57366.703,4.803,295.964,28.836,9642.119,4209.759,273130.007,17616.454,6.662,23.024,31.763,179.941,91.504,3.956,19.315,7162.149,40.289,3514.183,33.152,333.362,1486.249,1112.414,284.894,1.416,19.027,9.429,125.223,2841.252,14.808,35.299,40.331,112.38,6.218,88.214,65085.01,79.85,1226.394,2333.607,3100.805,1599.028,53683.87,1897.068,1164.388,190428.543,25800.765,3051.708,95168.775,10019.728,19722.374,4589.925,1.188,63.551,225.767,1665.945,13055.314,245.641,2626.213,14191.649,200016.95,57.813,19732.439,41.467,5.462,180179.769,17585.613,16230.087,13495.065,2735.022,934.97,274.155,90.563,514.839,33.67,21.743,218.862,107.645,20.844,23.746,22.407,8.174,26.816,9.23,201.694,30.519,9.783,102.74,0.843,33.926,0,20.921,2.962,0,,,
1990,2285030.904,830952.158,1454078.746,107334.737,1346744.009,1126378.438,834931.415,1325274.344,793207.803,532066.541,109849.812,132970.816,196923.274,35563.628,351.553,115.042,448.089,517.065,6063.524,3926.795,2720.827,1092.098,463.525,33.33,3391.99,495.959,390.755,34.221,1874.89,765.262,1942.129,4812.601,3091.273,3032.7,22566.053,2643.556,4786.78,1072.643,1238.607,1294.702,10694.055,129.893,654.576,51.241,63952.458,13666.998,24493.933,3225.662,11940.483,5724.505,4714.067,186.81,20538.757,580.317,223.122,391.461,19146.227,197.63,54302.378,1724.683,1217.208,155.285,4767.023,351.251,5330.857,1687.192,286.198,1165.453,1857.419,836.486,1191.651,28379.229,2.355,2923.005,1344.255,1082.828,1036246.836,467014.408,308166.89,5766.038,358.882,11790.239,94545.802,1245.682,31732.377,13408.498,338429.12,22347.189,9099.287,1660.123,1677.012,1653.346,8257.421,316081.931,2148.654,21274.633,87.799,221979.229,31748.896,55.778,1603.63,33967.023,3216.289,140164.246,169.145,1408.076,54633.885,655.22,9068.005,10349.665,30100.849,3016.404,16648.693,156.624,13957.68,90639.062,2389.86,3878.793,437.126,511.909,3005.25,12210.719,4065.416,2461.455,2018.046,2246.76,1409.252,1196.523,442.141,12411.049,6092.664,31966.194,1428.059,2467.846,505990.967,211281.358,6769.542,5855.195,7767.162,6837.31,23374.497,2040.768,12438.003,108731.707,2981.435,34485.739,70985.019,44.159,4361.237,1114.986,14.695,3957.802,231.258,2009.44,36.384,1844.799,2498.807,3051.208,7112.618,44707.626,92660.281,1255.642,51.628,1776.629,2590.383,26.833,7261.392,0.77,37921.709,339.196,295.238,4743.368,21.818,4905.973,1009.507,29298.801,1161.394,131064.309,5044.197,9616.736,42097.667,58850.74,4.866,309.046,29.438,10227.347,4884.272,313875.861,19850.701,8.334,21.931,31.272,204.656,84.672,6.224,25.009,7777.156,44.741,4001.191,32.186,371.019,2027.106,1169.443,309.29,1.342,28.546,10.107,124.201,3269.669,14.132,40.555,44.519,104.275,8.587,90.538,74880.389,89.021,1539.343,2631.145,3655.423,1984.039,61475.379,2165.604,1340.435,219144.771,28378.349,3775.947,110622.982,11003.315,22740.742,5577.081,1.478,87.36,214.49,2069.374,15001.098,267.268,2767.016,16638.271,212935.143,59.798,21180.754,44.314,5.582,191644.695,19058.823,17480.246,14600.726,2879.52,1096.958,303.071,100.343,623.452,42.65,27.442,258.082,118.472,24.855,30.77,24.87,9.157,39.457,10.501,223.537,38.081,10.165,114.776,0.72,34.527,0,21.607,3.661,0,,,
1995,2568062.984,860171.237,1707891.747,133757.412,1574134.335,1303726.666,873729.766,1544556.819,928664.112,615892.707,133542.699,163172.233,236904.267,43843.113,447.773,131.855,506.632,563.531,7884.886,5007.379,3470.229,1321.57,488.539,50.576,4394.146,580.045,557.17,37.355,1994.354,862.561,2419.036,6151.584,3280.511,3693.381,28524.545,3495.882,5930.199,1219.568,1498.876,1534.779,13796.035,171.581,814.221,63.404,73732.034,16415.906,26188.469,3607.903,13870.621,7906.344,5522.032,220.759,24359.844,775.584,297.361,493.175,22571.676,222.048,66444.731,2200.216,1526.708,194.816,5859.03,462.129,6727.828,2310.013,371.912,955.924,2293.838,1056.398,1445.913,34918.67,2.182,3451.539,1352.051,1315.564,1211260.491,550368.244,383155.985,6144.498,398.1,12844.558,97116.988,1305.424,34936.193,14466.498,389068.452,22733.342,8695.585,1669.217,1670.328,1875.97,8822.242,366335.11,3474.413,26003.685,104.556,254314.016,36423.98,62.805,2243.061,40333.123,3375.471,168067.958,202.503,1864.281,70027.122,846.587,11541.559,11570.448,33612.975,3482.64,17858.276,195.301,16866.266,103755.837,2129.141,4056.83,498.272,581.989,2728.179,14005.725,4844.628,3385.49,1555.083,2572.921,1824.49,1544.17,476.086,14607.001,7184.03,36355.82,1837.597,3568.385,514365.412,211380.39,6920.989,5665.322,7717.473,6750.449,23662.577,2008.725,12347.264,109032.034,3032.065,34243.492,72230.083,43.967,4446.59,1007.452,13.638,4135.734,245.068,2091.445,37.377,1710.503,2441.157,3215.963,7398.883,45442.306,94510.445,1306.589,59.807,1387.658,2574.539,27.285,7696.36,0.781,38123.695,359.794,328.019,5160.508,23.539,5378.747,1008.193,29902.847,1172.084,136244.494,5254.375,9834.368,43455.898,60935.648,5.08,338.33,30.7,11227.121,5162.974,355089.152,21708.082,9.807,23.212,39.172,226.731,87.534,7.446,31.672,8119.938,46.268,4594.965,34.635,393.941,2554.506,1246.175,326.048,1.279,35.34,11.547,126.159,3458.253,14.46,42.296,46.904,120.755,12.256,96.783,85887.912,98.273,1897.673,3102.032,4304.066,2401.218,69987.292,2494.405,1602.953,247493.158,30710.314,4535.405,125643.278,12208.349,25790.549,6536.659,1.609,106.902,212.154,2503.226,16985.054,287.943,2919.422,19052.294,229946.714,61.407,22754.81,45.151,5.602,207079.744,20496.948,18742.123,15606.086,3136.037,1217.19,352.859,113.702,664.027,52.679,33.923,296.617,133.997,27.808,34.044,26.962,9.97,51.511,12.325,241.018,45.091,10.741,121.886,0.682,36.628,0,21.933,4.057,0,,,
2000,2856131.072,885297.592,1970833.48,161881.643,1808951.837,1488857.805,908319.369,1771095.097,1066288.187,704806.91,159417.795,196868.828,278769.84,53484.357,550.379,148.349,553.237,691.565,9731.656,6223.277,4270.206,1654.062,505.704,71.065,5317.899,661.551,1253.128,39.983,2455.437,1097.983,2932.916,7589.582,3515.393,4220.985,34515.061,4514.325,7253.723,1369.414,1796.093,1834.925,16489.579,201.083,981.431,74.488,81901.012,19005.851,28304.15,3951.824,15312.537,9010.852,6059.507,256.291,27666.121,934.19,362.85,614.423,25513.344,241.314,81203.289,2663.874,2071.267,236.411,7023.684,588.236,8269.671,2712.821,466.722,1282.032,2909.508,1333.562,1778.822,42810.252,2.064,3978.718,1474.811,1600.834,1392739.609,632395.736,459383.108,6835.301,431.907,13569.935,98872.893,1369.746,36607.487,15325.359,443554.59,22870.073,8122.825,1748.963,1638.449,2066.754,9293.082,420684.517,4383.053,31229.852,143.448,288365.219,42210.684,75.566,3113.842,47687.034,3475.819,199681.306,236.122,2271.793,87758.699,1184.197,14515.387,13066.62,37237.828,3918.189,19569.966,207.108,19715.397,117107.977,1989.199,4171.405,590.539,647.551,2496.944,16302.927,5484.684,3804.81,1870.267,2782.427,2306.302,1569.169,571.791,16084.987,8504.294,40899.833,2428.236,4602.612,516827.426,207719.646,6984.34,5512.24,7584.078,6602.208,23669.049,1881.216,11866.818,107650.471,3029.853,32939.373,73552.135,45.309,4542.879,947.652,16.893,4254.175,259.845,2249.753,39.804,1614.189,2343.462,3417.242,7455.029,46365.903,96520.713,1379.514,60.425,1507.146,2487.608,27.351,7989.196,0.787,38307.191,376.426,357.818,5606.512,25.2,5463.712,1009.741,30720.607,1201.479,139034.932,5277.332,9973.488,44925.825,61020.429,5.007,367.275,32.081,12179.548,5253.947,396276.279,23545.914,11.071,24.946,42.446,244.189,90.391,8.623,41.685,8389.801,45.476,5349.305,36.452,418.629,3053.851,1337.957,344.783,0.103,31.347,10.785,119.885,3583.844,14.928,43.591,48.754,136.646,15.96,100.466,96144.181,113.717,2320.37,3510.45,5056.085,2834.564,77616.883,2792.077,1900.035,276586.184,32896.137,5252.971,141684.026,13302.104,28756.356,7557.363,1.948,130.527,213.619,2960.363,18990.919,310.074,3056.103,21473.674,249504.44,62.837,24397.595,45.838,5.583,224992.587,22013.478,20092.833,16787.389,3305.444,1334.156,388.843,129.744,710.258,65.203,40.108,324.992,144.656,35.564,35.656,23.989,10.042,61.67,13.415,261.497,50.957,11.621,133.039,0.628,38.375,0,22.543,4.334,0,,,
2005,3199013.076,920702.469,2278310.607,198146.563,2080164.044,1693997.763,954869.499,2033715.643,1229547.481,804168.162,191781.814,240036.202,330741.711,65108.773,728.482,167.44,596.117,916.862,11958.476,7756.542,5270.193,1945.675,504.762,87.902,6302.999,730.774,1818.154,44.466,2976.661,1379.086,3743.23,9645.896,4199.454,4335.602,42363.343,5983.982,8804.182,1507.74,2183.279,2160.722,20248.43,234.555,1150.761,89.692,90705.509,21677.18,30883.8,4302.128,16606.903,10347.426,6543.194,344.878,31164.785,1033.071,428.477,742.535,28717.26,243.442,101399.301,3271.437,2890.727,276.13,8146.72,751.92,10116.375,3141.706,580.937,1505.759,3828.415,1671.468,2204.375,54541.496,1.869,4634.488,1886.166,1949.313,1621843.454,747566.473,560517.729,6896.686,468.149,14241.596,109173.975,1578.917,38259.141,16430.28,507255.368,23607.037,8242.917,1779.463,1798.951,2233.759,9551.947,483648.331,5691.905,38373.642,201.402,329516.783,47393.356,100.431,3839.979,54863.424,3667.409,231789.044,270.354,2560.946,103118.973,1585.851,17210.135,14517.24,39994.963,4495.537,24598.175,261.985,23174.885,135232.569,1935.079,4486.271,777.508,704.926,2348.2,18825.977,6043.558,4253.176,2254.68,3451.984,2600.874,1826.169,800.213,19993.877,9770.957,45918.585,3412.973,5827.562,525634.776,204275.207,6992.774,5423.132,7529.961,6699.059,23478.722,1706.779,11758.478,105737.205,2995.649,31953.448,75895.566,47.436,4651.395,910.812,19.555,4349.49,276.084,2514.637,41.703,1514.74,2190.155,3583.424,7614.156,48181.979,101566.57,1493.585,73.34,1520.962,2475.591,29.08,8220.677,0.798,39743.264,388.39,383.042,6046.171,27.994,5428.832,1010.19,33522.306,1202.348,143897.433,5422.952,10234.535,47392.725,61497.844,5.12,396.486,33.808,13470.572,5443.391,432803.905,25829.15,12.637,24.124,44.889,270.775,90.111,10.003,48.623,8597.093,46.982,6294.058,36.976,436.773,4082.59,1416.47,353.977,0.446,37.395,10.766,117.149,3539.7,15.748,38.184,51.105,128.428,23.208,100.94,105726.392,125.928,2837.001,3743.594,5980.946,3347.011,84497.584,3051.272,2143.056,301248.363,34815.529,6005.185,154189.709,14286.185,31775.157,8501.948,2.094,163.863,215.32,3386.032,20801.966,333.093,3103.003,23669.279,264277.991,64.137,25841.9,47.19,5.493,238319.271,23711.239,21615.727,18058.232,3557.495,1487.659,410.182,146.296,799.132,83.686,48.363,331.205,148.313,39.4,36.389,23.714,10.115,57.806,15.468,276.648,52.082,13.778,143.821,0.594,38.177,0,23.378,4.818,0,,,
2010,3571272.167,956857.382,2614414.785,242072.929,2372341.856,1920157.587,1003606.467,2317198.356,1400533.625,916664.731,230767.277,294163.974,394940.213,80635.931,982.459,190.7,642.172,1181.091,15083.947,9642.731,6730.425,2333.108,499.391,100.04,7419.106,793.831,2595.611,47.719,3590.301,1774.956,4925.438,12643.617,5118.243,4341.045,51883.273,7838.629,10624.752,1689.008,2576.573,2599.748,24837.538,273.06,1333.63,110.335,100776.239,25027.022,33587.708,4690.054,18252.53,11793.687,7009.981,415.257,34780.443,1107.467,497.262,906.793,32012.49,256.431,126864.327,3980.253,3988.485,301.501,9594.072,946.153,12304.401,3790.992,717.48,1891.948,5034.381,2045.878,2790.763,69440.943,1.676,5468.959,2199.61,2366.832,1864835.926,865825.69,669386.225,7049.514,534.626,14751.886,115282.491,1832.915,39701.2,17286.833,575557.481,24950.647,8554.667,1883.132,2022.482,2440.433,10049.933,550606.834,7011.272,46035.276,249.447,372901.884,52589.842,130.225,4516.065,63369.63,3803.193,265800.533,302.468,2845.724,120154.271,2118.47,20050.923,16309.134,42288.282,5078.969,29270.141,318.508,27063.643,157652.222,1884.192,4856.675,1108.032,745.549,2320.26,21374.433,6813.683,5323.284,2939.625,3784.699,2975,2106.593,1726.172,22374.784,11988.656,51011.925,7095.546,7223.114,537982.392,204112.022,7081.717,5342.501,7731.088,6895.966,23260.026,1603.775,11767.81,105827.92,2971.273,31629.946,79135.261,49.537,4817.933,884.22,20.292,4485.115,297.764,2762.754,43.671,1415.124,2048.399,3869.061,7980.239,50461.152,106580.614,1643.203,68.415,1508.61,2495.985,29.253,8476.092,0.799,41343.691,402.077,391.246,6413.953,29.036,5326.003,1027.948,36226.211,1198.092,148154.495,5532.863,10683.185,49538.497,61674.606,5.225,449.719,36.845,14465.326,5768.229,467641.554,28101.186,13.768,22.889,43.746,297.586,89.895,12.154,55.509,8641.505,48.461,7387.638,37.349,451.261,5147.755,1473.367,356.835,0.453,42.519,13.166,132.664,3480.613,16.651,32.73,53.33,120.747,27.964,100.631,115973.251,138.754,3349.735,3997.414,7073.637,3939.871,91745.303,3333.511,2395.026,323567.117,36726.616,6746.638,164631.36,15193.221,34850.409,9404.165,2.223,191.627,221.992,3778.11,22507.409,348.279,3183.623,25781.445,279948.502,64.951,27620.891,47.715,5.439,252209.506,25923.58,23643.997,19880.192,3763.805,1668.336,446.014,165.746,892.933,105.54,58.103,328.603,150.031,42.785,37.404,23.105,10.025,48.19,17.063,282.644,48.734,14.859,151.399,0.568,37.351,0,24.348,5.385,0,,,
2015,3957285.013,985830.915,2971454.098,295177.975,2676276.123,2166067.114,1042669.482,2615345.76,1574771.675,1040574.085,278656.928,359533.802,471602.315,101034.466,1303.648,217.892,695.823,1525.188,19265.898,11978.118,8507.728,2816.437,497.305,109.924,8737.013,850.337,3580.619,50.521,4399.113,2285.171,6463.32,16528.155,6351.003,4871.253,63060.945,10052.272,12721.469,1923.002,3057.354,3053.98,30275.467,319.131,1526.275,131.995,112068.513,28738.799,36537.834,4962.312,20439.199,13391.448,7509.909,489.012,37813.255,1181.265,579.044,1116.28,34662.753,273.913,157625.136,4781.69,5349.061,333.079,11537.876,1174.794,14582.77,4588.526,881.959,2238.246,6489.835,2442.382,3609.323,87680.5,1.627,6543.954,2523.784,2865.73,2113137.37,982409.704,779478.624,7313.557,584.42,15313.311,118572.468,2105.778,41031.163,18010.383,651196.826,26766.58,8929.685,2037.999,2306.057,2688.708,10804.131,624430.246,8546.635,54983.919,300.055,419938.867,58315.802,163.008,5294.339,72920.65,3966.971,301578.981,330.841,3248.723,137422.002,2710.569,22898.099,18469.012,45172.676,5618.866,33952.234,384.285,31371.674,177951.859,1873.591,5250.367,1207.101,779.43,2308.992,24847.389,7297.043,6434.69,3523.977,4436.67,3423.087,3228.136,2332.785,24853.959,12837.178,56288.353,8192.333,8836.778,547065.703,202949.714,7099.098,5259.641,7866.405,7059.554,23138.954,1546.404,11774.49,105163.529,2925.323,31116.316,82402.504,51.455,4963.992,864.634,20.77,4598.985,316.987,2989.325,45.444,1368.782,1994.553,4138.621,8318.812,52730.144,109413.616,1835.302,68.9,1518.971,2509.158,29.354,8678.93,0.8,42166.069,411.434,397.957,6733.984,29.954,5235.373,1032.259,37560.715,1204.456,152299.869,5645.401,10943.878,51674.43,62170.091,5.353,489.803,38.32,15243.271,6089.322,502792.854,30327.523,14.614,21.829,43.143,321.179,90.485,13.301,59.967,8669.864,50.541,8413.051,37.973,462.772,6218.609,1541.33,360.596,0.468,46.914,14.874,146.917,3444.537,17.746,34.221,55.289,113.728,31.656,101.919,126854.204,152.849,3842.334,4287.823,8382.909,4610.415,99244.722,3677.533,2655.619,345611.127,38677.436,7553.157,174508.252,16047.356,37858.036,10342.602,2.332,220.793,230.593,4196.297,24495.382,362.22,3269.154,27847.517,294834.161,65.578,29352.62,49.506,5.467,265360.99,27852.61,25358.583,21392.649,3965.934,1856.394,479.644,184.757,992.537,130.507,68.949,347.078,160.569,46.765,38.517,23.424,10.122,49.143,18.538,290.555,48.43,15.525,158.009,0.542,36.903,0,25.224,5.922,0,,,
2020,4338014.924,1011618.021,3326396.903,356905.69,2969491.213,2425225.211,1076773.718,2905774.29,1728662.88,1177111.41,334111.948,435432.924,559506.598,125611.357,1714.678,249.456,750.761,1931.442,24296.384,14737.72,10638.96,3443.219,499.142,120.481,10334.937,899.767,4735.575,53.175,5386.075,2778.788,8423.333,21218.262,7894.836,5504.366,76069.788,12653.815,15077.727,2204.122,3678.192,3551.854,36658.763,372.403,1719.342,153.57,124073.674,32176.23,39869.482,5387.304,22496.502,15575.156,8004.648,564.352,40609.45,1265.606,667.608,1338.204,37044.087,293.945,193142.329,5709.053,6969.668,364.451,13665.899,1432.149,16999.9,5528.407,1060.544,2632.194,8322.249,2866.197,4749.353,108711.17,1.707,7806.372,2891.507,3431.509,2347541.174,1081098.176,874427.437,7549.528,626.47,15942.149,119444.444,2354.525,42185.366,18568.257,732870.359,28928.846,9360.24,2257.406,2641.682,2952.721,11716.797,703941.513,10320.963,64479.585,346.724,470726.086,63738.744,194.39,6176.685,83764.075,4194.261,336821.915,356.934,3723.4,154163.583,3331.734,25544.486,20708.694,48864.64,6057.219,37894.013,460.815,35716.397,196750.724,1864.307,5626.766,1318.982,812.852,2298.302,28564.086,7866.565,6854.804,3951.46,4311.658,3927.257,3598.555,2530.695,27202.447,15363.857,60796.966,9197.733,10663.432,555106.331,201792.067,7083.364,5154.71,7983.344,7188.567,23166.13,1518.996,11805.721,104399.14,2911.758,30580.337,85676.66,53.725,5110.693,848.958,21.693,4705.653,334.986,3214.051,47.323,1330.803,1961.277,4418.866,8684.062,54944.57,111681.471,2008.929,69.218,1547.754,2537.331,29.372,8812.987,0.804,42852.899,418.046,402.987,6993.297,30.531,5161.122,1041.581,38555.59,1219.023,155956.133,5790.076,11141.148,53688.106,62530.277,5.569,526.808,39.89,15800.765,6433.494,536051.691,32320.847,15.27,21.419,42.934,341.202,92.324,14.434,62.988,8670.94,52.744,9297.925,38.814,472.75,7200.479,1614.414,364.664,0.485,50.723,16.016,152.411,3439.61,19.055,35.985,57.25,109.091,34.578,102.342,137422.764,168.319,4268.727,4560.812,9851.814,5317.18,106297.564,4031.679,2926.669,366308.08,40510.074,8391.491,183326.155,16836.438,40736.096,11317.151,2.413,251.577,241.379,4642.868,26500.247,376.079,3341.43,29834.682,309991.276,66.093,31111.151,50.168,5.491,278758.373,29817.854,27075.97,22910.275,4165.695,2071.326,508.919,203.241,1120.412,157.73,81.024,368.583,171.101,51.431,40.64,25.029,10.443,49.856,20.083,301.975,49.99,16.156,164.922,0.529,37.006,0,26.921,6.451,0,,,
2025,4705773.576,1034150.181,3671623.395,427083.765,3244539.63,2696693.553,1106575.976,3180233.296,1857018.097,1323215.199,397054.69,522529.909,658813.697,154745.07,2217.313,287.14,803.043,2403.985,30190.302,17973.485,13130.914,4254.811,505.476,133.388,12336.351,942.855,6023.932,55.592,6576.481,3370.908,10889.248,26761.148,9774.157,6114.541,90975.784,15605.241,17670.436,2537.907,4497.529,4140.34,44000.165,432.956,1916.246,174.964,136283.788,35145.275,43609.708,5768.972,24472.884,18220.092,8463.86,602.997,43318.068,1357.482,762.031,1566.806,39313.425,318.324,233490.987,6767.728,8832.906,394.157,15968.377,1714.24,19505.811,6608.098,1249.266,3083.143,10522.484,3310.821,6331.646,132547.15,1.798,9282.903,3303.602,4066.857,2561408.668,1156059.999,947539.986,7743.047,666.603,16620.682,118715.243,2562.19,43232.042,18980.206,819597.34,31344.986,9831.707,2497.199,3027.138,3217.956,12770.986,788252.354,12418.55,74020.473,390.622,525459.048,68472.823,222.306,7162.029,95618.196,4488.307,370921.125,381.027,4273.673,170111,3935.861,28005.193,22938.063,53548.349,6333.513,40977.509,547.279,39869.658,214830.204,1871.678,5961.261,1406.447,845.776,2287.448,32654.36,8418.737,7495.196,4365.654,4489.132,4475.674,3885.201,2653.239,29085.517,17213.252,65010.516,10071.98,12639.136,561571.444,200151.665,7020.189,5023.146,8101.182,7278.624,23286.75,1507.594,11838.084,103199.593,2923.204,29973.299,88759.478,56.377,5259.521,836.195,22.698,4800.818,351.261,3428.848,49.331,1298.929,1940.717,4663.079,9055.72,56995.984,113570.712,2158.191,69.909,1593.223,2567.537,29.272,8929.858,0.801,43458.945,421.637,406.794,7199.862,30.997,5105.49,1056.805,39300.799,1240.592,159089.589,5964.863,11316.649,55547.644,62653.694,5.881,560.929,41.756,16187.52,6810.653,567088.511,34031.906,15.594,21.642,43.277,360.211,95.362,15.531,65.106,8643.559,54.884,10043.351,39.615,481.64,8050.753,1687.835,368.605,0.51,54.034,16.884,156.322,3453.868,20.586,38.058,59.195,106.52,36.884,102.08,147690.335,185.637,4624.858,4795.818,11469.734,6040.909,112981.354,4388.036,3203.989,385366.27,42230.621,9241.46,191032.039,17533.149,43434.014,12323.857,2.47,283.635,255.167,5109.355,28402.713,390.298,3410.824,31716.668,325100.335,66.44,32756.325,50.112,5.512,292221.946,31790.921,28763.159,24400.23,4362.929,2322.755,533.49,220.989,1286.831,187.122,94.323,390.08,181.396,56.714,42.285,27.089,10.706,50.381,21.509,314.927,51.684,16.687,172.236,0.523,37.866,0,28.942,6.989,0,,,
2030,5058158.46,1054054.479,4004103.981,505418.895,3498685.086,2977373.872,1133035.028,3435459.551,1958119.177,1477340.374,467382.357,621375.498,770067.953,188966.992,2829.483,333.231,851.696,2952.896,36906.745,21766.907,15954.921,5304.703,515.613,149.403,14824.621,981.238,7383.216,57.819,7976.628,4083.214,13951.972,33256.672,12035.445,6850.569,107746.675,18908.99,20491.607,2925.062,5546.708,4804.19,52250.509,501.057,2121.631,196.921,148692.455,37569.253,47863.592,6103.346,26257.882,21392.713,8868.96,636.709,45910.56,1460.946,861.265,1789.777,41449.818,348.754,278751.271,7950.457,10896.359,420.73,18422.404,2016.476,22063.688,7818.385,1444.05,3595.088,13089.252,3773.924,8473.476,159240.806,1.9,10998.104,3766.46,4779.712,2752456.877,1207794.354,998924.971,7885.155,701.551,17308.228,116917.699,2724.468,44113.85,19218.432,909208.155,34020.329,10356.786,2753.717,3472.802,3473.226,13963.798,875187.826,14788.124,83160,429.823,583038.483,72543.82,244.953,8234.717,107880.376,4867.53,403284.326,402.885,4900.072,184912.08,4479.351,30181.596,25094.547,59220.239,6577.884,43134.684,638.412,43742.576,232170.042,1885.154,6259.496,1478.197,880.125,2282.242,36880.434,8972.762,8102.779,4763.945,4634.198,5049.54,4076.303,2753.026,30602.519,19108.652,68841.882,10914.59,14684.198,566970.179,198303.193,6905.628,4866.037,8213.862,7326.329,23442.789,1500.232,11870.237,101944.295,2953.452,29280.332,91588.653,59.399,5401.753,825.504,23.829,4878.093,365.277,3637.695,51.473,1277.151,1926.461,4898.538,9401.891,58841.589,115304.037,2276.7,71.271,1651.751,2595.278,29.022,9014.894,0.804,44122.611,421.818,409.294,7362.23,31.363,5057.582,1079.177,39914.214,1266.028,161774.296,6158.557,11467.037,57331.894,62537.78,6.29,591.879,43.857,16429.275,7207.727,595134.448,35428.485,15.783,22.49,44.163,377.568,99.548,16.559,66.552,8604.213,56.526,10653.328,40.303,488.55,8742.378,1755.28,372.154,0.544,56.791,17.513,158.987,3468.778,22.299,40.447,61.151,106.516,38.719,101.345,157341.379,205.36,4909.586,5000.088,13213.529,6762.785,119016.21,4753.396,3480.425,402364.584,43784.015,10079.242,197460.86,18112.458,45899.152,13349.858,2.502,316.112,271.376,5587.121,30155.575,404.517,3467.019,33474.777,339782.053,66.524,34304.212,49.368,5.537,305356.412,33746.95,30384.548,25834.777,4549.771,2621.534,553.847,237.608,1502.773,218.398,108.908,411.404,190.928,62.42,44.237,29.48,10.912,50.675,22.752,329.464,53.251,17.294,179.769,0.556,39.651,0,31.458,7.485,0,,,
2035,5394234.712,1071567.957,4322666.755,591441.966,3731224.789,3264662.923,1156514.515,3670507.333,2033288.631,1637218.702,544771.451,731816.671,893399.441,228436.925,3585.446,386.762,898.986,3592.633,44368.056,26148.088,19058.644,6643.118,528.984,168.565,17825.64,1015.546,8743.489,59.906,9586.626,4950.233,17680.154,40705.95,14726,7764.099,126304.834,22484.567,23530.592,3355.245,6876.406,5544.656,61382.35,574.782,2335.703,220.533,161582.77,39560.981,52747.355,6406.883,27856.239,25119.558,9226.38,665.374,48432.22,1573.855,965.449,1996.197,43509.98,386.739,328642.692,9239.042,13107.688,443.254,21006.857,2345.454,24637.471,9149.241,1640.972,4163.237,16002.165,4266.82,11246.117,188612.714,2.006,12935.929,4268.461,5575.264,2920137.225,1237974.408,1030048.15,7969.437,730.511,17965.681,114422.798,2855.896,44726.201,19255.734,1000018.47,37016.402,10990.175,3042.268,4013.805,3710.479,15259.675,963002.068,17374.813,91510.533,463.125,642296.787,76105.956,263.264,9368.585,120266.202,5352.803,433091.502,422.232,5628.756,197950.123,4975.298,32011.953,27125.968,65934.168,6769.247,44305.963,728.247,47239.547,249052.845,1908.345,6537.855,1543.056,911.58,2289.745,41385.909,9539.217,8696.405,5153.265,4739.787,5636.822,4191.428,2835.77,31999.465,20985.766,72180.63,11767.137,16750.663,571694.852,196605.079,6755.577,4696.439,8346.787,7338.127,23593.574,1498.607,11911.294,100890.99,3001.693,28571.991,94139.369,62.743,5527.665,818.848,25.019,4935.252,376.822,3848.841,53.701,1260.652,1917.761,5116.365,9723.661,60472.039,116941.026,2347.856,73.3,1713.814,2613.291,28.647,9082.359,0.808,44839.617,419.155,410.157,7480.905,31.638,5007.143,1110.404,40495.159,1286.773,164009.378,6363.249,11596.422,58994.362,62233.758,6.796,618.254,46.024,16537.287,7613.226,619795.465,36533.602,15.837,24.01,45.44,393.086,104.867,17.519,67.375,8509.986,57.64,11131.736,40.982,492.644,9350.462,1813.11,374.269,0.587,58.892,17.945,160.777,3476.015,23.984,43.177,63.229,109.41,40.111,100.512,166145.989,227.894,5125.203,5156.535,15069.123,7465.643,124245.356,5106.903,3749.332,417115.874,45168.258,10900.68,202519.536,18582.852,48107.094,14379.109,2.511,348.21,286.446,6070.663,31728.411,417.794,3508.407,35095.903,353503.146,66.293,35726.312,48.967,5.563,317656.011,35704.583,31947.161,27222.968,4724.193,2979.509,570.208,252.815,1781.074,250.757,124.655,432.038,199.34,68.222,46.966,32.038,11.066,50.624,23.782,345.875,54.425,17.996,187.509,0.586,43.001,0,34.494,7.864,0,,,
2040,5715413.029,1087082.332,4628330.697,684850.669,3943480.028,3556091.631,1177400.181,3886573.576,2086320.323,1800253.253,629059.191,854083.545,1029050.896,273070.759,4524.026,445.554,945.758,4326.619,52431.2,31090.842,22504.151,8265.092,544.788,190.713,21265.073,1045.227,10186,61.836,11405.645,5959.686,22116.139,48986.118,17882.766,8893.526,146604.039,26267.473,26817.759,3819.087,8476.943,6357.72,71408.626,653.83,2557.541,245.06,174967.351,41396.189,58122.876,6689.452,29276.961,29237.628,9555.323,688.922,50847.79,1694.087,1074.646,2181.898,45468.239,428.92,383560.957,10616.804,15573.754,462.28,23783.069,2701.266,27184.849,10596.084,1841.396,4778.549,19313.237,4785.074,14769.757,220824.256,2.102,15086.37,4794.795,6447.315,3065534.922,1250303.996,1044395.487,8003.569,754.875,18548.528,111531.927,2973.85,45010.625,19085.135,1089615.648,40188.05,11691.455,3365.003,4671.446,3929.549,16530.597,1049427.598,20093.889,98935.284,490.795,701357.654,79230.575,281.095,10546.521,132548.149,5943.636,460205.242,438.003,6433.446,209152.947,5473.194,33533.966,29001.852,73335.4,6904.084,44703.277,815.871,50413.202,265410.036,1937.235,6788.584,1600.499,940.037,2309.291,46082.548,10112.937,9271.538,5538.269,4810.49,6227.167,4248.074,2905.051,33376.063,22818.08,74977.077,12619.472,18847.624,575852.164,195121.002,6596.151,4528.382,8520.289,7330.74,23732.948,1494.398,11951.789,100000.128,3062.063,27904.114,96548.344,66.267,5637.982,817.147,26.133,4979.305,386.185,4063.061,55.993,1253.713,1913.738,5319.547,10050.953,61978.32,118387.344,2368.265,75.643,1764.609,2620.434,28.185,9133.891,0.813,45560.659,414.868,409.234,7550.329,31.823,4943.647,1150.079,41035.315,1299.55,165795.474,6577.05,11710.378,60510.86,61756.186,7.386,639.194,48.148,16519.825,8026.447,641056.932,37399.007,15.762,26.091,46.826,406.847,110.797,18.4,67.625,8354.617,58.387,11494.535,41.653,493.674,9925.938,1858.487,373.784,0.639,60.284,18.248,161.927,3471.687,25.607,46.217,65.503,114.535,41.033,99.904,174048.837,252.387,5280.983,5279.345,17023.905,8160.17,128609.814,5438.013,4004.22,429609.088,46388.928,11699.411,206243.977,18951.255,50046.037,15379.393,2.514,380,298.701,6552.455,33133.346,429.575,3534.549,36568.947,366215.816,65.778,37058.256,48.164,5.584,329038.034,37702.299,33482.425,28592.83,4889.595,3405.827,582.831,266.785,2130.841,284.023,141.347,450.812,206.615,73.849,49.889,34.587,11.162,50.06,24.65,363.235,55.095,18.608,195.495,0.609,47.41,0,37.913,8.105,0,,,
2045,6030924.065,1100932.159,4929991.906,786391.608,4143600.298,3851614.389,1196021.13,4091883.284,2126971.157,1964912.127,720879.312,989323.066,1177787.243,323181.129,5670.041,508.675,990.026,5144.495,61169.434,36595.049,26324.754,10187.238,558.453,213.869,25129.353,1069.79,11730.421,63.49,13431.748,7110.251,27334.913,58243.961,21552.043,10153.125,168586.647,30336.163,30322.565,4313.345,10328.869,7233.833,82262.518,737.936,2782.019,269.399,188464.177,43170.296,63549.623,6944.658,30567.707,33668.595,9855.47,707.828,53189.902,1818.09,1192.048,2362.048,47343.072,474.644,444365.388,12067.635,18308.917,479.051,26789.641,3077.912,29719.475,12140.693,2051.421,5433.08,23065.181,5320.575,19169.751,256584.4,2.191,17423.224,5337.455,7394.786,3197039.285,1254110.807,1050837.91,8011.702,776.606,19059.279,108602.453,3086.305,44985.253,18751.299,1176755.705,43373.63,12388.6,3708.61,5406.485,4128.851,17741.084,1133382.075,22863.478,105950.886,516.164,758961.289,82017.008,298.474,11755.353,144454.795,6564.628,485148.725,449.859,7287.526,219103.587,5963.65,34905.173,30705.07,80844.691,6997.759,44701.37,908.317,53281.723,281024.048,1956.055,6991.273,1648.229,962.232,2330.664,50862.249,10669.974,9808.258,5913.882,4854.546,6818.864,4315.33,2956.16,34697.663,24577.197,77322.236,13400.446,20938.79,579072.565,193545.927,6437.499,4367.146,8710.778,7326.427,23811.403,1483.438,11953.777,99082.036,3115.225,27258.198,98929.633,69.67,5741.652,816.481,27.071,5022.081,393.592,4274.001,58.186,1252.197,1911.449,5518.684,10404.361,63440.208,119446.836,2362.897,77.573,1805.267,2617.377,27.67,9163.665,0.817,46176.585,409.884,406.643,7578.473,31.903,4852.751,1189.484,41440.257,1305.59,167150.169,6784.795,11808.735,61886.269,61086.027,8.002,655.145,50.348,16427.237,8443.611,659040.884,38036.139,15.571,28.178,47.855,419.082,116.576,19.191,67.37,8128.817,58.907,11784.369,42.004,491.725,10457.604,1887.668,370.628,0.692,61.011,18.438,162.259,3454.052,27.142,49.198,67.411,119.247,41.515,99.629,181070.744,276.923,5399.509,5369.911,19061.878,8841.551,132138.956,5739.512,4242.504,439934.001,47451.632,12466.737,208808.088,19223.038,51708.293,16318.742,2.515,411.503,307.846,7021.583,34365.77,438.765,3547.97,37861.519,378243.507,65.108,38344.783,47.133,5.61,339780.873,39740.581,35013.634,29969.626,5044.008,3880.047,591.63,280.065,2530.369,319.004,158.979,467.091,212.917,79.439,52.243,37.02,11.203,48.88,25.389,379.809,55.311,19.168,202.884,0.631,52.01,0,41.323,8.482,0,,,
2050,6338611.492,1113500.064,5225111.428,895701.346,4329410.082,4148068.621,1212665.972,4284327.239,2155352.16,2128975.079,819855.821,1136821.944,1338565.979,378762.663,7024.768,575.836,1028.455,6029.385,70521.943,42636.284,30518.446,12437.166,569.982,237.092,29439.558,1088.943,13349.373,64.765,15663.775,8402.924,33366.741,68568.706,25759.289,11479.232,192107.766,34675.848,34002.758,4831.038,12441.856,8168.347,93864.046,826.652,3004.082,293.139,201744.035,44786.57,68863.54,7155.06,31720.658,38387.533,10108.45,722.224,55422.011,1942.08,1316.091,2538.368,49102.541,522.931,510529.504,13574.146,21298.974,493.221,29997.297,3468.322,32192.42,13763.527,2268.252,6121.634,27233.35,5867.189,24561.767,295479.827,2.27,19909.932,5893.247,8404.129,3313423.641,1250223.621,1049947.58,8003.705,796.928,19506.891,105783.802,3181.338,44708.783,18294.594,1260027.509,46416.703,13034.401,4051.74,6185.202,4303.165,18842.195,1213610.806,25642.244,112443.436,539.063,814398.506,84357.725,314.635,12978.514,155746.618,7190.065,507725.169,458.23,8166.881,227770.447,6434.609,36162.668,32205.99,88380.848,7064.579,44334.632,1007.297,55738.988,295447.342,1960.598,7136.014,1683.914,977.263,2350.476,55653.186,11188.661,10282.849,6268.275,4873.871,7407.558,4380.317,2978.482,35838.611,26244.525,79188.556,14057.837,22976.349,581112.912,191714.283,6273.868,4205.054,8899.721,7326.774,23854.271,1462.628,11903.243,98039.629,3160.953,26588.142,101258.613,72.973,5847.382,815.144,27.883,5071.101,398.956,4473.536,60.279,1252.488,1909.861,5717.268,10781.93,64829.812,119968.966,2345.476,79.074,1839.438,2606.222,27.127,9157.891,0.822,46639.674,404.782,402.909,7564.201,31.868,4738.05,1224.99,41600.829,1305.613,168171.05,6983.751,11891.162,63174.483,60220.065,8.656,666.145,52.762,16303.58,8870.446,673631.43,38440.009,15.292,30.223,48.701,430.214,122.356,19.878,66.705,7833.338,59.15,12002.718,41.891,487.186,10936.498,1900.062,365.208,0.745,61.23,18.536,161.91,3424.096,28.578,52.032,68.944,123.193,41.623,99.702,187157.976,301.155,5482.284,5424.841,21157.217,9497.109,134827.995,6005.637,4461.738,448033.445,48339.324,13192.907,210238.186,19402.852,53082.825,17184.021,2.516,442.897,314.021,7470.592,35404.522,445.315,3549.492,38963.975,390070.374,64.472,39616.206,45.921,5.628,350338.147,41807.156,36532.976,31346.075,5186.901,4398.064,596.64,292.679,2975.984,355.352,177.409,481.049,218.37,85.121,53.699,39.462,11.192,47.141,26.064,395.067,55.234,19.659,209.378,0.651,56.55,0,44.599,8.996,0,,,
